phrase,doc_count,total_count,pmids
whole genome,12,18,25713745;25903077;27228329;27521232;28369261;29487865;30107587;31184299;31488838;31551478;34935048;35271677
genome sequencing,11,17,25713745;25903077;27228329;27521232;28362945;28369261;29487865;30107587;30210481;31488838;35271677
neisseria meningitidis,11,14,11101585;17825091;18815379;27521232;29553330;29847547;31551478;32375989;33770146;34662348;35271677
whole genome sequencing,9,15,25713745;25903077;27228329;27521232;28369261;29487865;30107587;31488838;35271677
sequence types,9,11,11101585;17825091;27521232;29487865;29553330;31358985;33664140;35178041;35404783
n gonorrhoeae,8,15,17825091;26935729;31488838;31551478;31605008;31978353;33664140;33737358
neisseria gonorrhoeae,8,15,17825091;26935729;31488838;31551478;31605008;31978353;33664140;33737358
invasive meningococcal,7,9,11101585;27521232;29553330;29847547;30687793;34662348;35271677
invasive meningococcal disease,7,8,11101585;27521232;29553330;29847547;30687793;34662348;35271677
meningococcal disease,7,8,11101585;27521232;29553330;29847547;30687793;34662348;35271677
n meningitidis,6,15,17825091;29553330;31551478;32375989;33770146;35271677
whole-genome sequencing,6,11,23158674;26935729;28362945;30687793;31978353;32943401
serogroup b,6,10,27521232;28579305;29553330;29847547;30687793;33770146
staphylococcus aureus,6,10,23158674;23270620;25733508;25903077;29487865;32562543
invasive disease,6,9,11101585;18815379;28579305;31092817;31551478;33770146
genome sequences,6,8,28596991;29301885;31358985;31551478;33664140;33737358
streptococcus pneumoniae,6,8,26215050;28596991;30210481;31092817;31540216;31649284
population structure,6,6,25903077;26215050;28579305;30210481;30687793;34935048
sequencing wgs,6,6,25713745;27521232;30687793;31488838;32943401;35271677
clonal complexes,5,8,26215050;29553330;30687793;32375989;35271677
gonorrhoeae isolates,5,7,17825091;26935729;31488838;31978353;33737358
multilocus sequence,5,6,11101585;17825091;23175765;28596991;29487865
sequence data,5,6,23175765;25713745;29487865;29553330;31184299
disease imd,5,5,27521232;29553330;30687793;34662348;35271677
epidemiological data,5,5,18815379;23158674;28362945;28369261;31358985
invasive meningococcal disease imd,5,5,27521232;29553330;30687793;34662348;35271677
meningococcal disease imd,5,5,27521232;29553330;30687793;34662348;35271677
sequence type,5,5,23158674;27521232;28596991;30687793;35404783
single nucleotide,5,5,25713745;26935729;31358985;31978353;34662348
k pneumoniae,4,12,28369261;30346947;31358985;34935048
klebsiella pneumoniae,4,11,28369261;30346947;31358985;34935048
factor h,4,9,29553330;29847547;33770146;34662348
binding protein,4,7,29553330;29847547;33770146;34662348
factor h binding,4,7,29553330;29847547;33770146;34662348
factor h binding protein,4,7,29553330;29847547;33770146;34662348
gene clusters,4,7,26195261;28596991;30210481;32375989
h binding,4,7,29553330;29847547;33770146;34662348
h binding protein,4,7,29553330;29847547;33770146;34662348
public health,4,7,26935729;31358985;31978353;33180013
methicillin-resistant staphylococcus,4,6,23270620;25733508;25903077;29487865
methicillin-resistant staphylococcus aureus,4,6,23270620;25733508;25903077;29487865
n gonorrhoeae isolates,4,6,17825091;26935729;31488838;31978353
clonal complex,4,5,27521232;32375989;32562543;35271677
genetic variation,4,5,17825091;31092817;31605008;34662348
multilocus sequence typing,4,5,11101585;17825091;23175765;29487865
sequence typing,4,5,11101585;17825091;23175765;29487865
aureus mrsa,4,4,23158674;23270620;25733508;25903077
complex cc,4,4,27521232;28579305;32562543;35271677
genome sequencing wgs,4,4,25713745;27521232;31488838;35271677
genomic analysis,4,4,25903077;30465642;30530517;31488838
leading cause,4,4,28362945;28369261;30210481;34662348
nucleotide polymorphisms,4,4,25713745;31358985;31978353;34662348
single nucleotide polymorphisms,4,4,25713745;31358985;31978353;34662348
staphylococcus aureus mrsa,4,4,23158674;23270620;25733508;25903077
whole genome sequencing wgs,4,4,25713745;27521232;31488838;35271677
e faecium,3,11,27312688;28362945;35178041
czech republic,3,7,11101585;18815379;35271677
mrsa isolates,3,6,23158674;29487865;32562543
pseudomonas aeruginosa,3,6,22988113;30346947;30530517
united states,3,6,29301885;33737358;35178041
wgs data,3,6,25713745;32943401;35271677
bexsero antigen,3,5,27521232;29553330;30687793
gene expression,3,5,28218261;31605008;32375989
meningococcal vaccines,3,5,28579305;29847547;30687793
p aeruginosa,3,5,22988113;30346947;30530517
resistance mechanisms,3,5,26935729;35178041;35404783
antigen sequence,3,4,27521232;29553330;30687793
bexsero antigen sequence,3,4,27521232;29553330;30687793
closely related,3,4,23158674;28362945;28596991
core genome,3,4,23270620;30465642;32375989
enterica serovar,3,4,25713745;27228329;29301885
enterococcus faecium,3,4,27312688;28362945;35178041
isolates collected,3,4,17825091;26935729;35271677
isolates from patients,3,4,11101585;23158674;28362945
phase variation,3,4,31540216;31605008;32375989
pneumococcal genomes,3,4,26215050;28218261;30210481
salmonella enterica,3,4,25713745;27228329;29301885
salmonella enterica serovar,3,4,25713745;27228329;29301885
sexual networks,3,4,26935729;31488838;31978353
strain coverage,3,4,28579305;29847547;30687793
analyses revealed,3,3,26215050;30210481;30530517
bacterial genome,3,3,23270620;28218261;31649284
bacterial species,3,3,26215050;28218261;30210481
binding protein fhbp,3,3,29847547;33770146;34662348
clinical isolates,3,3,25713745;32562543;35404783
clonal complex cc,3,3,27521232;32562543;35271677
clonal expansion,3,3,24082120;28362945;35404783
factor h binding protein fhbp,3,3,29847547;33770146;34662348
h binding protein fhbp,3,3,29847547;33770146;34662348
health care,3,3,30107587;31266478;31978353
highly diverse,3,3,11101585;29487865;34935048
human nasopharynx,3,3,11101585;28596991;30210481
human pathogen,3,3,24082120;31605008;33770146
important role,3,3,25903077;28218261;31605008
isolate collections,3,3,11101585;17825091;27521232
isolates belonged,3,3,11101585;35178041;35271677
isolates examined,3,3,17825091;29847547;30687793
meningococcal lineages,3,3,18815379;30687793;32375989
meningococci isolated,3,3,11101585;18815379;27521232
methicillin-resistant staphylococcus aureus mrsa,3,3,23270620;25733508;25903077
molecular epidemiology,3,3,28218261;29487865;30210481
opportunistic pathogen,3,3,22988113;28369261;30530517
pathogenic bacteria,3,3,11101585;23270620;33180013
phylogenetic clusters,3,3,28362945;31551478;32375989
pneumoniae isolates,3,3,28596991;30346947;34935048
protein fhbp,3,3,29847547;33770146;34662348
protein-based vaccines,3,3,27521232;28579305;29847547
resistance determinants,3,3,28596991;31358985;34935048
serogroup w,3,3,27521232;28579305;29553330
strongly associated,3,3,27521232;28218261;30687793
vaccine antigens,3,3,27521232;28579305;30687793
capsular switching,2,7,23175765;28579305
s pneumoniae,2,7,28596991;31540216
fhbp expression,2,6,33770146;34662348
e coli,2,5,26935729;35404783
s aureus,2,5,29487865;32562543
bacterial populations,2,4,18815379;30465642
complete genomes,2,4,33180013;34935048
cystic fibrosis,2,4,28596991;30530517
health service,2,4,23158674;31266478
human infections,2,4,27228329;30107587
meningitidis serogroup,2,4,33770146;35271677
pbp x,2,4,23175765;28596991
putative novel,2,4,31184299;31551478
sequencing data,2,4,23158674;30346947
united kingdom,2,4,28362945;29553330
accessory genome,2,3,25903077;30465642
amino acid,2,3,30687793;32562543
associated factors,2,3,31266478;31266479
escherichia coli,2,3,26935729;35404783
genetic diversity,2,3,25903077;35404783
genome-wide association,2,3,31092817;34662348
genomic data,2,3,31488838;35404783
gonorrhoeae strains,2,3,26935729;33737358
grouped into clusters,2,3,30687793;31978353
identify the source,2,3,27228329;30107587
infection control,2,3,28362945;30107587
intensive care,2,3,28369261;30107587
intergenic region,2,3,29847547;33770146
meningococcal strains,2,3,29847547;33770146
n meningitidis serogroup,2,3,33770146;35271677
novel neisseria,2,3,31551478;33664140
penicillin-binding protein,2,3,23175765;28596991
pneumococcal populations,2,3,23175765;30465642
pre-exposure prophylaxis,2,3,31488838;31978353
previously associated,2,3,25733508;35178041
protein expression,2,3,29847547;34662348
resistance mutations,2,3,32943401;33737358
restriction-modification systems,2,3,31540216;31605008
s rrna,2,3,26935729;35178041
sex with men,2,3,31488838;31978353
st complex,2,3,11101585;28579305
vaccine antigen,2,3,27521232;28579305
wgs analysis,2,3,32943401;35271677
whole-genome sequence,2,3,23175765;29553330
whole-genome sequence data,2,3,23175765;29553330
aeruginosa isolates,2,2,22988113;30346947
age groups,2,2,26215050;35271677
aged years,2,2,31266478;35271677
also identified,2,2,28362945;31605008
analysis showed,2,2,28362945;35271677
antibiotic susceptibility,2,2,23158674;30530517
antigen peptide,2,2,27521232;29553330
antigen sequence type,2,2,27521232;30687793
antigen sequence types,2,2,27521232;29553330
antigen sequence types basts,2,2,27521232;29553330
antigen variants,2,2,27521232;30687793
associated with invasive,2,2,33770146;34662348
associated with virulence,2,2,28218261;31649284
b isolates,2,2,27521232;29553330
bacterial population,2,2,11101585;30210481
bacteriocin genes,2,2,26215050;30210481
belonged to clonal,2,2,32562543;35271677
belonged to clonal complex,2,2,32562543;35271677
belonged to clonal complex cc,2,2,32562543;35271677
bexsero antigen sequence type,2,2,27521232;30687793
bexsero antigen sequence types,2,2,27521232;29553330
bexsero antigen sequence types basts,2,2,27521232;29553330
bexsero components,2,2,27521232;29553330
binding protein expression,2,2,29847547;34662348
bloodstream infections,2,2,28362945;35404783
c w,2,2,28579305;30687793
care unit,2,2,28369261;30107587
cause invasive,2,2,18815379;31551478
cause invasive disease,2,2,18815379;31551478
cause of septicemia,2,2,11101585;33770146
cause of septicemia and meningitis,2,2,11101585;33770146
causing infections,2,2,29487865;32562543
circulating meningococcal,2,2,32375989;33770146
clonal complexes ccs,2,2,30687793;32375989
complement factor,2,2,33770146;34662348
complement factor h,2,2,33770146;34662348
complexes ccs,2,2,30687793;32375989
conclusions wgs,2,2,25713745;35271677
contained mutations,2,2,28596991;35178041
core and accessory,2,2,30465642;32375989
data confirm,2,2,23270620;28369261
data set,2,2,17825091;30465642
data showed,2,2,25713745;35271677
data were collected,2,2,28362945;31266479
determine whether,2,2,32375989;35271677
different sequence,2,2,11101585;29487865
different sequence types,2,2,11101585;29487865
different strains,2,2,30530517;31605008
diverse collection,2,2,17825091;34935048
emerging globally,2,2,24082120;35178041
enhanced surveillance,2,2,28362945;29553330
enterococcus faecalis,2,2,27312688;35178041
factor h binding protein expression,2,2,29847547;34662348
factors associated,2,2,31266478;31266479
findings highlight,2,2,31649284;35404783
foundation trust,2,2,23158674;28362945
gene content,2,2,30465642;32375989
genes associated,2,2,25903077;28218261
genes encoding,2,2,23158674;28596991
genes pbp,2,2,23175765;28596991
genes pbp x,2,2,23175765;28596991
genetic exchange,2,2,11101585;31649284
genetic relationships,2,2,11101585;33737358
genome analyses,2,2,26195261;32375989
genome sequence,2,2,31184299;34935048
genomic characterization,2,2,31551478;35178041
global collection,2,2,17825091;31184299
h binding protein expression,2,2,29847547;34662348
health protection,2,2,23158674;31978353
health research,2,2,23158674;31978353
highly variable,2,2,26195261;26215050
hiv pre-exposure,2,2,31488838;31978353
hiv pre-exposure prophylaxis,2,2,31488838;31978353
human commensal,2,2,18815379;32375989
human complement,2,2,33770146;34662348
human microbiome,2,2,28369261;34662348
hyperinvasive lineages,2,2,11101585;18815379
identified several,2,2,26215050;30107587
institute for health,2,2,23158674;31978353
institute for health research,2,2,23158674;31978353
intensive care unit,2,2,28369261;30107587
invasive phenotype,2,2,33770146;34662348
isolated from patients,2,2,31358985;33664140
isolates causing,2,2,29487865;32562543
isolates causing infections,2,2,29487865;32562543
isolates exhibited,2,2,29553330;32562543
isolates including,2,2,25713745;27521232
isolates recovered,2,2,29301885;32562543
klebsiella pneumoniae isolates,2,2,30346947;34935048
large global,2,2,30210481;31184299
large number,2,2,31184299;35271677
liverpool uk,2,2,17825091;35404783
many decades,2,2,18815379;28218261
matches to bexsero,2,2,27521232;29553330
matches to bexsero components,2,2,27521232;29553330
men msm,2,2,31488838;31978353
meningitidis and neisseria,2,2,17825091;31551478
meningitidis n,2,2,17825091;31551478
meningitidis n gonorrhoeae,2,2,17825091;31551478
meningitis worldwide,2,2,11101585;33770146
meningococcal isolates,2,2,29847547;32375989
meningococcal populations,2,2,18815379;30687793
morbidity and mortality,2,2,28579305;30210481
multilocus sequence typing mlst,2,2,11101585;17825091
multiple introductions,2,2,25903077;28362945
n meningitidis n,2,2,17825091;31551478
n meningitidis n gonorrhoeae,2,2,17825091;31551478
national health,2,2,23158674;31266478
national institute,2,2,23158674;31978353
national institute for health,2,2,23158674;31978353
national institute for health research,2,2,23158674;31978353
neisseria database,2,2,27521232;30687793
neisseria gonorrhoeae strains,2,2,26935729;33737358
neisseria meningitidis and neisseria,2,2,17825091;31551478
odds ratio,2,2,28369261;31266479
one of the most commonly,2,2,29301885;30530517
org neisseria,2,2,27521232;30687793
org neisseria database,2,2,27521232;30687793
outer membrane,2,2,30530517;30687793
phylogenetic analysis,2,2,28362945;29487865
phylogenomic analysis,2,2,26935729;31978353
play a role,2,2,31092817;31649284
pneumococcal genetic,2,2,28218261;31092817
pneumoniae infection,2,2,28369261;31649284
pneumoniae is a common,2,2,28596991;31092817
pneumoniae the pneumococcus,2,2,26215050;30210481
powerful tool,2,2,23270620;28362945
propensity to cause,2,2,18815379;32375989
protein antigens,2,2,27521232;30687793
proteins associated,2,2,32562543;35178041
pubmlst org,2,2,27521232;30687793
pubmlst org neisseria,2,2,27521232;30687793
pubmlst org neisseria database,2,2,27521232;30687793
reference genome,2,2,26195261;31605008
risk of infection,2,2,28369261;31978353
role in pneumococcal,2,2,28218261;31649284
septicemia and meningitis,2,2,11101585;33770146
septicemia and meningitis worldwide,2,2,11101585;33770146
sequence analysis,2,2,29847547;31551478
sequence diversity,2,2,11101585;26215050
sequence type st,2,2,23158674;28596991
sequence types basts,2,2,27521232;29553330
sequence types sts,2,2,11101585;17825091
sequence typing mlst,2,2,11101585;17825091
serogroup b isolates,2,2,27521232;29553330
sex with men msm,2,2,31488838;31978353
st mrsa,2,2,25903077;29487865
streptococcus pneumoniae the pneumococcus,2,2,26215050;30210481
structured population,2,2,28218261;30687793
surveillance isolates,2,2,34935048;35178041
surveillance programme,2,2,31978353;34935048
temporal phylogenetic,2,2,26935729;29487865
transmission clusters,2,2,31488838;31978353
transmission dynamics,2,2,23158674;23270620
type st,2,2,23158674;28596991
types basts,2,2,27521232;29553330
types sts,2,2,11101585;17825091
typing mlst,2,2,11101585;17825091
vaccine development,2,2,30687793;32375989
w isolates,2,2,29553330;31978353
whole genome sequence,2,2,31184299;34935048
whole-genome sequencing wgs,2,2,30687793;32943401
