word,count
isolates,134
genome,55
data,52
neisseria,45
resistance,43
associated,42
sequence,41
sequencing,41
identified,40
strains,39
pneumoniae,39
meningococcal,38
genes,36
genomes,35
clusters,34
transmission,32
analysis,31
health,31
invasive,30
gonorrhoeae,30
population,29
meningitidis,29
bacterial,29
gene,29
pneumococcal,29
genomic,28
patients,27
disease,27
human,27
genetic,27
diversity,27
species,26
infections,25
expression,25
sequences,24
mrsa,24
diverse,22
fhbp,22
phenotype,21
isolated,20
variation,20
clonal,20
prophages,20
lineages,19
infection,19
whole,19
novel,19
vaccines,19
present,18
complex,18
outbreak,18
strain,18
wgs,18
serogroup,18
methods,17
pathogen,17
protein,17
vaccine,17
phenotypic,17
background,16
single,16
whole-genome,16
faecium,16
antigen,16
known,15
aureus,15
susceptibility,15
clinical,15
research,15
daptomycin,15
bacteriocin,15
hvisa,15
isolate,14
recombination,14
populations,14
phylogenetic,14
found,14
czech,13
cause,13
molecular,13
different,13
including,13
multiple,13
differences,13
core,13
mechanisms,13
conclusions,13
mutations,13
proteins,13
bexsero,13
potential,13
coverage,13
types,12
previously,12
type,12
findings,12
staphylococcus,12
detection,12
hospital,12
carriage,12
capsular,12
imd,12
surveillance,12
contained,12
klebsiella,12
factor,12
men,12
highly,11
distinct,11
epidemiological,11
seven,11
observed,11
role,11
emergence,11
spread,11
aeruginosa,11
putative,11
large,11
host,11
groups,11
streptococcus,11
five,11
risk,11
factors,11
serratia,11
women,11
meningococci,10
analyses,10
typing,10
alleles,10
set,10
global,10
virulence,10
many,10
years,10
association,10
variants,10
structure,10
changes,10
control,10
identify,10
sequenced,10
confirmed,10
serotype,10
development,10
revealed,10
important,10
major,10
united,10
bacteria,9
complexes,9
nucleotide,9
collection,9
loci,9
collected,9
care,9
switching,9
dna,9
pbp,9
clone,9
available,9
respectively,9
azm,9
sexual,9
antigens,9
birth,9
rms,9
republic,8
meningitis,8
related,8
investigate,8
method,8
polymorphisms,8
combinations,8
number,8
understanding,8
hospitals,8
without,8
likely,8
globally,8
demonstrate,8
salmonella,8
linezolid,8
mutation,8
region,8
variable,8
coli,8
predicted,8
interval,8
complete,8
phenotypes,8
short,8
hiv,8
evolutionary,7
commensal,7
lineage,7
epidemiology,7
locus,7
scheme,7
total,7
unique,7
high,7
geographical,7
evolution,7
model,7
pseudomonas,7
significant,7
importance,7
community,7
events,7
methicillin-resistant,7
describe,7
level,7
states,7
combined,7
several,7
peptide,7
public,7
enterococcus,7
faecalis,7
nine,7
prophage,7
limited,7
patient,7
plasmid,7
binding,7
pao,7
cps,7
services,7
mges,7
deeplex,7
myc-tb,7
gc-s,7
multilocus,6
belonged,6
consistent,6
detected,6
frequent,6
rapid,6
approach,6
competition,6
quorum-sensing,6
range,6
national,6
antibiotic,6
encoding,6
protection,6
prevalence,6
pneumococci,6
included,6
introduction,6
low,6
due,6
increase,6
assess,6
dns,6
compared,6
investigated,6
colonization,6
nosocomial,6
determine,6
first,6
age,6
cassettes,6
cassette,6
six,6
media,6
components,6
recovered,6
common,6
snps,6
phase,6
highest,6
igr,6
panini,6
involved,6
child,6
transformation,6
indicating,6
variicola,6
although,5
nasopharynx,5
individuals,5
mlst,5
assigned,5
status,5
various,5
database,5
examined,5
little,5
provided,5
identifying,5
propensity,5
mediated,5
immune,5
quorum-controlled,5
reveal,5
test,5
accessory,5
provides,5
systems,5
profile,5
cases,5
identification,5
temporal,5
well,5
time,5
recently,5
dataset,5
significantly,5
local,5
determined,5
emerging,5
european,5
source,5
will,5
countries,5
susceptible,5
baumannii,5
previous,5
comparison,5
determinants,5
regions,5
increased,5
pneumococcus,5
analysed,5
blp,5
possessed,5
suggesting,5
four,5
networks,5
vancomycin-resistant,5
vre,5
vana,5
distribution,5
basts,5
leading,5
majority,5
icu,5
year,5
caused,5
menb,5
mosaic,5
identical,5
performed,5
vancomycin,5
usa,5
information,5
spp,5
blood,5
prediction,5
cell,5
omvt,5
grouped,5
elderly,5
cross-sectional,5
msm,5
characterization,5
circulating,5
fir,5
tzp-r,5
carried,4
pathogenic,4
sampling,4
especially,4
worldwide,4
organisms,4
bacterium,4
relationships,4
horizontal,4
developed,4
provide,4
characterize,4
whether,4
gonococcal,4
comparable,4
patterns,4
evidence,4
similar,4
alone,4
conclusion,4
comparisons,4
examination,4
shared,4
determining,4
pathogens,4
persist,4
decades,4
rates,4
less,4
contribute,4
another,4
might,4
maintained,4
understand,4
dynamics,4
studied,4
unit,4
scbu,4
service,4
conventional,4
profiles,4
period,4
closely,4
morbidity,4
unknown,4
extent,4
analyzed,4
independent,4
throughout,4
tool,4
mobile,4
even,4
work,4
enterica,4
serovar,4
raw,4
strongly,4
group,4
outbreaks,4
antimicrobial,4
mprf,4
rpobc,4
obtained,4
containing,4
high-level,4
antimicrobials,4
thereby,4
healthcare,4
system,4
report,4
heterogeneous,4
comparative,4
enhanced,4
pan-genome,4
content,4
bacteriocins,4
pneumocyclicin,4
immunity,4
evaluated,4
eight,4
cluster,4
sources,4
enterococci,4
vancomycin-susceptible,4
samples,4
hours,4
target,4
essential,4
bast,4
integrated,4
nearly,4
rna,4
overall,4
kingdom,4
case,4
interventions,4
screening,4
capsule,4
menc,4
epidemic,4
key,4
cystic,4
fibrosis,4
penicillin,4
penicillin-resistant,4
mitis,4
transfer,4
causing,4
commonly,4
effect,4
intergenic,4
rubidaea,4
bacteremia,4
culture,4
peptides,4
discovered,4
phenotypeseeker,4
assembled,4
neighbour,4
laboratories,4
variability,4
omv,4
ccs,4
serotypes,4
survey,4
bearing,4
aor,4
main,4
sex,4
highlight,4
polysaccharea,4
nspp,4
specificity,4
described,4
satellite,4
directly,4
complement,4
piperacillin,4
frequently,3
strategies,3
collections,3
rarely,3
causes,3
healthy,3
view,3
resulted,3
combination,3
lactamica,3
meningococcus,3
levels,3
providing,3
addition,3
selection,3
face,3
particular,3
despite,3
combining,3
discrete,3
define,3
hosts,3
implications,3
quorum,3
signals,3
activities,3
vary,3
opportunistic,3
habitats,3
ranging,3
regulons,3
insights,3
encoded,3
framework,3
necessary,3
assessed,3
foundation,3
trust,3
cambridge,3
infants,3
new,3
confirm,3
comprehensive,3
historical,3
furthermore,3
switch,3
estimated,3
approximately,3
place,3
penicillin-binding,3
past,3
widespread,3
history,3
space,3
processes,3
rate,3
introductions,3
europe,3
apparent,3
sub-group,3
south,3
america,3
predominantly,3
intermediate,3
noted,3
dissemination,3
possible,3
variables,3
include,3
affecting,3
establishment,3
endemic,3
sonnei,3
dominant,3
expansion,3
microevolution,3
investigation,3
typhimurium,3
phage,3
reported,3
food,3
clustered,3
confirming,3
influence,3
specific,3
cls,3
following,3
liter,3
low-level,3
clones,3
treatment,3
around,3
rapidly,3
decreased,3
consensus,3
resistant,3
reference,3
limiting,3
order,3
successful,3
open,3
insertions,3
utilization,3
production,3
recent,3
wide,3
circular,3
protect,3
detailed,3
called,3
cephalosporins,3
phylogenomic,3
mics,3
escherichia,3
rrna,3
promoter,3
presence,3
geographic,3
brilliance,3
panel,3
vanb,3
sensitivity,3
protein-based,3
implemented,3
given,3
assessing,3
pubmlst,3
ireland,3
objectives,3
full-length,3
individual,3
structured,3
play,3
vrefm,3
bloodstream,3
regional,3
intensive,3
microbiome,3
conducted,3
admission,3
subsequent,3
indicated,3
positive,3
limit,3
serogroups,3
licensed,3
mortality,3
aimed,3
potentially,3
future,3
long,3
suggests,3
surface,3
represent,3
hyaluronidase,3
lack,3
functional,3
ability,3
diseases,3
rare,3
enteritidis,3
transmitted,3
humans,3
cmenb,3
exhibited,3
scalable,3
portable,3
ten,3
marcescens,3
produced,3
july,3
standard,3
reveals,3
predicting,3
identifies,3
models,3
datasets,3
stochastic,3
together,3
laboratory-adapted,3
alterations,3
suggest,3
pathogenesis,3
amino,3
acid,3
conserved,3
neisp,3
omvts,3
sharing,3
though,3
genome-wide,3
aim,3
ethiopia,3
negative,3
considered,3
driven,3
acquisition,3
carbapenemase-positive,3
finally,3
bridging,3
pre-exposure,3
prophylaxis,3
australia,3
activity,3
restriction-modification,3
additionally,3
simulations,3
effective,3
classified,3
foreign,3
england,3
people,3
comprised,3
testing,3
phasome,3
latin,3
auc,3
substitutions,3
mtbc,3
microbial,3
africa,3
eleven,3
gwas,3
cfh,3
esbl-producing,3
non-esbl,3
ssp,3
kpsc,3
esbl,3
sensu,3
stricto,3
blactx-m,3
optra,3
tazobactam,3
tzp,3
third-generation,3
uk-wide,3
recombining,2
gram-negative,2
septicemia,2
almost,2
comprise,2
originating,2
effects,2
techniques,2
none,2
comprising,2
sts,2
hyperinvasive,2
exchange,2
inferences,2
discrimination,2
reproducibility,2
allows,2
allow,2
relatively,2
seen,2
liverpool,2
showing,2
gdh,2
made,2
direct,2
demonstrated,2
means,2
cultures,2
life-threatening,2
explain,2
persistence,2
subset,2
indicates,2
sensing,2
acyl-homoserine,2
animal,2
ecology,2
strain-variable,2
sets,2
traits,2
indicate,2
pressures,2
ecological,2
meticillin-resistant,2
enhance,2
settings,2
special,2
expand,2
infection-control,2
team,2
colonised,2
suspected,2
linked,2
occurred,2
propose,2
deep,2
interpretation,2
great,2
accurate,2
pathways,2
funding,2
translational,2
wellcome,2
institute,2
replacement,2
contribution,2
selective,2
dated,2
detail,2
ranged,2
occurrence,2
sometimes,2
phylogeographic,2
ngs,2
powerful,2
synthesis,2
bayesian,2
detecting,2
strong,2
clustering,2
scales,2
varies,2
representing,2
remain,2
monophyletic,2
measured,2
size,2
since,2
defined,2
emergent,2
agent,2
introduced,2
localized,2
retrospective,2
uncommon,2
mayonnaise,2
link,2
consumption,2
similarity,2
point,2
algorithms,2
formed,2
useful,2
nonsusceptibility,2
adjunctive,2
antibiotics,2
increasingly,2
emerged,2
yycfg,2
vitro,2
exposure,2
clarithromycin,2
oxacillin,2
trimethoprim-sulfamethoxazole,2
medium,2
prevented,2
prevent,2
mic,2
plus,2
healthcare-associated,2
singapore,2
began,2
singaporean,2
prior,2
onwards,2
element,2
practice,2
pan-chromosome,2
assembly,2
large-scale,2
flexible,2
acinetobacter,2
military,2
better,2
adaptation,2
algorithm,2
numbers,2
responsible,2
gain,2
loss,2
nature,2
environments,2
strategy,2
produce,2
dating,2
composition,2
context,2
one-third,2
canada,2
azithromycin,2
represents,2
gonorrhea,2
snp,2
resolved,2
numbering,2
deletion,2
eko,2
nigeria,2
primary,2
chromogenic,2
enterococcal,2
nursing,2
home,2
residents,2
chromid,2
grew,2
growth,2
inhibited,2
selectivity,2
pre-enrichment,2
step,2
agar,2
higher,2
trumenba,2
characterisation,2
mrf-mgl,2
targets,2
protective,2
org,2
characteristics,2
exact,2
matches,2
modelling,2
phages,2
every,2
putatively,2
typically,2
sites,2
expressed,2
experimental,2
biology,2
routes,2
utility,2
defining,2
stored,2
basis,2
hospital-associated,2
numerous,2
indicative,2
followed,2
interhospital,2
conclude,2
reservoir,2
frequency,2
gut,2
characterized,2
screened,2
frequencies,2
contact,2
odds,2
ratio,2
others,2
currently,2
broad,2
non-capsular,2
escape,2
consideration,2
occasions,2
months,2
last,2
absence,2
interestingly,2
internal,2
interspecies,2
expressing,2
unusually,2
repertoire,2
pathogenicity,2
streptococci,2
involving,2
donor,2
poultry,2
products,2
tertiary,2
moshi,2
tanzania,2
illumina,2
miseq,2
online,2
fpr,2
site,2
program,2
requires,2
analyze,2
proportion,2
cross-reactive,2
international,2
c-menb,2
variant,2
relative,2
pcr,2
regression,2
associations,2
kathmandu,2
earthquakes,2
remaining,2
routine,2
june,2
concentrated,2
neonatal,2
extensive,2
inferred,2
contributed,2
candidates,2
colonizer,2
streptococcal,2
hotspots,2
experimentally,2
active,2
nasopharyngeal,2
k-mer-based,2
difficile,2
measures,2
building,2
takes,2
second,2
github,2
com,2
pangenome,2
amount,2
taken,2
embedding,2
relevant,2
http,2
laboratory,2
sublines,2
extracellular,2
outer,2
membrane,2
regulation,2
acquired,2
outcomes,2
microbiology,2
maintenance,2
calls,2
origin,2
polysaccharide,2
imd-associated,2
immunological,2
recombinant,2
genogroup,2
metabolic,2
explains,2
half,2
severity,2
insufficient,2
invasiveness,2
determines,2
still,2
gps,2
structures,2
examples,2
structural,2
brazilian,2
secondary,2
male,2
aged,2
categorized,2
need,2
simple,2
significance,2
complexity,2
affected,2
breastfeeding,2
non-use,2
contraceptive,2
family,2
planning,2
improving,2
carbapenem-resistant,2
rely,2
rather,2
hiv-positive,2
prep,2
targeted,2
defences,2
uninfected,2
rmss,2
phase-variable,2
vertical,2
vertically,2
inherited,2
mge,2
barrier,2
fixed,2
nevertheless,2
unassigned,2
cgmlst,2
identity,2
ani,2
morphological,2
least,2
genus,2
invasion,2
methylated,2
motifs,2
technology,2
methylation,2
confer,2
encode,2
mixing,2
observational,2
sexually,2
heterosexual,2
programme,2
sept,2
phasomes,2
ssrs,2
hypervirulent,2
representative,2
initial,2
pap,2
walk,2
culture-free,2
anti-tuberculous,2
drugs,2
tests,2
mycobacterium,2
tuberculosis,2
drug,2
assay,2
copies,2
residual,2
pyrazinamide,2
undetected,2
sputa,2
southwest,2
pacific,2
draft,2
correlated,2
upstream,2
moreover,2
killing,2
microbes,2
transition,2
tract,2
validation,2
nationwide,2
norway,2
esbls,2
norwegian,2
carrying,2
yersiniabactin,2
lower,2
daptomycin-resistant,2
linezolid-resistant,2
chromosomal,2
multiresistance,2
optra-encoding,2
plasmids,2
continued,2
ones,2
form,2
cephalosporin-susceptible,2
tzp-s,2
hindered,1
concentrate,1
diplococcus,1
exclusively,1
inhabitant,1
pathological,1
biology-based,1
establish,1
young,1
adults,1
sampled,1
links,1
electrophoretic,1
reassortment,1
portability,1
inference,1
aspects,1
successfully,1
differentiation,1
distinguish,1
typed,1
submitted,1
allele,1
generating,1
structuring,1
support,1
grouping,1
readily,1
adapted,1
discriminatory,1
permitted,1
misclassified,1
mixed,1
occasionally,1
coexist,1
fact,1
host-to-host,1
modeling,1
interstrain,1
allelic,1
housekeeping,1
small,1
efficiency,1
general,1
strain-dependent,1
regulon,1
sense,1
respond,1
density,1
lactones,1
serve,1
proteobacteria,1
lactone,1
signaling,1
cooperative,1
controls,1
constellation,1
thrives,1
soil,1
water,1
hypothesized,1
hypothesis,1
rna-seq,1
origins,1
certainly,1
overlooks,1
quorum-sensing-regulated,1
correlation,1
subsets,1
extension,1
thrive,1
operate,1
disparate,1
contexts,1
descriptive,1
replace,1
existing,1
hospital-adapted,1
terms,1
entity,1
baby,1
validate,1
antibiogram,1
month,1
persistent,1
mothers,1
postnatal,1
ward,1
contains,1
panton-valentine,1
leucocidin,1
staff,1
member,1
allowed,1
periods,1
clean,1
holds,1
promise,1
concomitant,1
reductions,1
costs,1
collaboration,1
initiative,1
agency,1
biomedical,1
centre,1
perspective,1
distributions,1
documented,1
unclear,1
vaccine-induced,1
drive,1
explored,1
fragment,1
lengths,1
took,1
later,1
imported,1
nearby,1
regular,1
fragments,1
predated,1
intrinsic,1
feature,1
next-generation,1
descent,1
phylogeography,1
underpinning,1
divergence,1
perspectives,1
employing,1
bratnextgen,1
expanded,1
disseminated,1
continental,1
city,1
sub-groups,1
striking,1
non-core,1
considering,1
stable,1
corresponding,1
heightened,1
asia,1
third,1
turkey,1
explanatory,1
sub-population,1
frame,1
movement,1
tracking,1
enteric,1
shigella,1
human-adapted,1
dysentery,1
vietnamese,1
vietnam,1
undergone,1
punctuated,1
fixation,1
periodic,1
sweeps,1
uncover,1
spatially,1
restricted,1
frontier,1
convergent,1
pool,1
high-resolution,1
insight,1
pioneering,1
union,1
summer,1
jersey,1
microbiologically,1
eggs,1
investigations,1
supported,1
illness,1
retrospectively,1
suspect,1
characterise,1
assist,1
tightly,1
maximum,1
pairwise,1
distance,1
causative,1
automatic,1
heterogeneity,1
toward,1
efficacy,1
mitigate,1
upon,1
therapy,1
examine,1
dlta,1
days,1
progenitor,1
median,1
alters,1
mutational,1
favoring,1
predictable,1
collateral,1
susceptibilities,1
decade,1
gradual,1
multi-resistant,1
example,1
profiling,1
mid,1
replaced,1
belonging,1
emrsa,1
pandemic,1
spanning,1
applying,1
originated,1
surrounding,1
transferred,1
resulting,1
beginning,1
millennium,1
supplanting,1
coalescent,1
initially,1
became,1
sub-clone,1
extant,1
arginine,1
catabolic,1
arose,1
times,1
introducing,1
skin,1
clearly,1
alongside,1
usage,1
driving,1
pan-drug,1
plague,1
civilian,1
pan-genomic,1
modest,1
sample,1
sizes,1
representation,1
draft-level,1
conduct,1
largest,1
input,1
normalized,1
paralog-collapsed,1
graph-based,1
assemble,1
orientation,1
existence,1
islands,1
island,1
triple,1
carbon,1
siderophore,1
pilus,1
dynamic,1
success,1
adapting,1
abiotic,1
biotic,1
controlling,1
fitness,1
importantly,1
archaic,1
appear,1
reemerged,1
infecting,1
reside,1
paediatric,1
compete,1
resources,1
attack,1
self-destruction,1
whereas,1
widely-distributed,1
surprisingly,1
organisation,1
well-characterised,1
mainly,1
largely,1
variety,1
biological,1
phenomenon,1
azithromycin-resistant,1
threat,1
untreatable,1
azm-susceptible,1
polymorphism,1
phylogenetically,1
concurrently,1
ceftriaxone,1
conferred,1
moderate,1
mtrr,1
meningitidis-like,1
arise,1
independently,1
clonally,1
investigating,1
twenty-six,1
camel,1
cattle,1
reservoirs,1
manufacturers,1
instructions,1
whilst,1
vanc,1
properties,1
raffinosus,1
stool,1
markedly,1
prolonging,1
incubation,1
immunisation,1
disease-associated,1
protein-polysaccharide,1
conjugate,1
led,1
multi-component,1
post-implementation,1
effectiveness,1
realised,1
library,1
cost-effective,1
facilitate,1
pora,1
nhba,1
nada,1
deduced,1
includes,1
enabled,1
britain,1
accounted,1
genotype-phenotype,1
caveats,1
estimate,1
lies,1
published,1
estimates,1
bacteriophages,1
infect,1
explore,1
onward,1
pbla,1
pblb,1
persisted,1
clear,1
prevalent,1
conditions,1
recognised,1
neighboring,1
hospital-acquired,1
resided,1
clade,1
fine-scale,1
exemplar,1
spanned,1
wards,1
extending,1
beyond,1
university,1
nhs,1
signpost,1
areas,1
gastrointestinal,1
particularly,1
part,1
prospective,1
cohort,1
rectal,1
throat,1
shortly,1
swabs,1
diagnostic,1
confidence,1
admitted,1
matching,1
pairs,1
chains,1
sum,1
microbiota,1
colonized,1
ultra-virulent,1
ready,1
fatality,1
epidemics,1
industrialised,1
nations,1
expanding,1
glycoconjugate,1
afford,1
universal,1
concerning,1
developmental,1
geo-temporally,1
often,1
owing,1
dispensability,1
capsules,1
warrant,1
formulating,1
berlin,1
phage-related,1
earlier,1
germany,1
except,1
romanian,1
pbps,1
block,1
typical,1
exception,1
hlya,1
stop,1
codon,1
importancestreptococcus,1
resident,1
severe,1
nonfunctional,1
pneumococcus-specific,1
supporting,1
enzyme,1
adds,1
harbored,1
product,1
played,1
foodborne,1
primarily,1
contaminated,1
reporting,1
completely,1
closed,1
objective,1
subcultured,1
archived,1
paired-end,1
protocol,1
tools,1
full,1
chloramphenicol,1
thirteen,1
resisted,1
cefoxitin,1
tested,1
stains,1
follows,1
meca,1
pvl,1
tst,1
difference,1
tanzanian,1
hospitalized,1
epidemiologically,1
unrelated,1
resolution,1
routines,1
antigenic,1
disease-causing,1
september,1
infant,1
immunization,1
trial,1
prevaccination,1
prevaccine,1
neisserial,1
heparin-binding,1
adhesin,1
porin,1
a-vr,1
highlighted,1
enables,1
predictors,1
wherein,1
determinant,1
promoter-containing,1
covered,1
values,1
covering,1
quantitative,1
reverse,1
transcriptase,1
polymerase,1
chain,1
reaction,1
qrt,1
derivation,1
linear,1
nucleotides,1
insertion,1
statistically,1
sandwich,1
elisa,1
depended,1
homology,1
peptide-igr,1
designated,1
occurring,1
partially-vaccinated,1
sequence-based,1
informative,1
culture-independent,1
assessments,1
central,1
generally,1
liquefaciens,1
regarding,1
seldom,1
specimens,1
setting,1
nepal,1
febrile,1
temperature,1
suspicion,1
atypically,1
extracted,1
ilumina,1
san,1
diego,1
november,1
neonates,1
severely,1
ill,1
died,1
nepalese,1
single-source,1
unable,1
timeline,1
suggested,1
atypical,1
aftermath,1
massive,1
speculate,1
deficits,1
hygienic,1
behavior,1
post-earthquake,1
emergency,1
situation,1
unusual,1
members,1
niche,1
kill,1
promising,1
newly,1
extraordinary,1
integration,1
transcriptionally,1
stress,1
co-cultured,1
broth,1
much,1
defense,1
appreciated,1
fundamentally,1
broaden,1
intraspecies,1
phenotype-associated,1
biomarkers,1
easy-to-use,1
memory-efficient,1
phenotype-specific,1
k-mers,1
generates,1
statistical,1
predicts,1
validated,1
ciprofloxacin,1
clostridium,1
trained,1
measure,1
faster,1
mid-range,1
linux,1
server,1
thus,1
well-suited,1
python,1
programming,1
language,1
open-source,1
software,1
https,1
bioinfo-ut,1
workhorse,1
notable,1
lost,1
unless,1
introduce,1
computationally,1
neighbours,1
unsupervised,1
machine,1
learning,1
t-sne,1
t-distributed,1
browser-based,1
integrates,1
microreact,1
platform,1
visualization,1
exploration,1
metadata,1
multi-clone,1
presented,1
biologically,1
watch,1
code,1
gitlab,1
cgps,1
ubiquitously,1
environment,1
airway,1
banks,1
isolate-to-isolate,1
henceforth,1
commercial,1
rich,1
biofilm,1
formation,1
immunostimulatory,1
heat-killed,1
whole-cell,1
preparations,1
immortalized,1
lines,1
quantification,1
interleukin,1
secretion,1
secreted,1
notably,1
rhamnolipid,1
pyoverdine,1
pyocyanin,1
quinolone,1
signal,1
pqs,1
exopolysaccharide,1
vesicle,1
correlate,1
subline-specific,1
transcriptional,1
individually,1
parent,1
subline,1
continuously,1
undergoing,1
storage,1
vivo,1
world,1
prototype,1
help,1
keep,1
laboratory-adopted,1
affects,1
consequences,1
cross-comparison,1
generated,1
highlights,1
practices,1
promote,1
researchers,1
specify,1
ensure,1
protein-conjugate,1
concerns,1
raised,1
neural,1
carbohydrates,1
meant,1
substitute,1
subcapsular,1
vesicles,1
omvs,1
added,1
ameliorate,1
problem,1
shotgun,1
proteomics,1
proteome,1
cross-protective,1
responses,1
catalogued,1
fbpa,1
periplasmic,1
tbpa,1
amongst,1
demonstrating,1
exist,1
non-overlapping,1
invoking,1
facilitates,1
region-specific,1
open-access,1
applications,1
choice,1
assessment,1
implementation,1
joint,1
genetics,1
empyema,1
ccdc,1
progression,1
pspc,1
zmpd,1
perform,1
human-bacteria,1
interaction,1
broadly-acting,1
produces,1
phagocytosis,1
understudied,1
project,1
unrecognized,1
final,1
closer,1
unprecedented,1
opportunity,1
consider,1
undergo,1
brazil,1
older,1
scientific,1
subject,1
making,1
aims,1
population-based,1
dependent,1
composed,1
questions,1
latent,1
class,1
predisposition,1
capacity,1
organized,1
according,1
theoretical,1
rao-scott,1
multinomial,1
logistic,1
marked,1
predominance,1
sporadic,1
medical,1
appointments,1
north,1
northeast,1
midwest,1
illiterate,1
private,1
insurance,1
diagnosed,1
difficulties,1
perception,1
poor,1
reluctant,1
weeks,1
accept,1
hospitalization,1
consulted,1
doctor,1
sporadically,1
unfavorable,1
social,1
issues,1
man,1
centered,1
curative,1
rehabilitative,1
attention,1
intra,1
inter-sectorial,1
policies,1
actions,1
encourage,1
early,1
northern,1
perinatal,1
births,1
intervals,1
optimum,1
spacing,1
children,1
best,1
authors,1
knowledge,1
inform,1
policy,1
makers,1
therefore,1
tigray,1
tselemti,1
district,1
january,1
february,1
systematic,1
technique,1
select,1
participants,1
interviews,1
spss,1
version,1
along,1
computed,1
ascertain,1
outcome,1
predictor,1
p-value,1
cut,1
multivariable,1
sub-optimum,1
muslim,1
desire,1
concern,1
ethiopian,1
religion,1
suboptimum,1
unwanted,1
pregnancy,1
contraceptives,1
accessibility,1
involvement,1
religious,1
leaders,1
programs,1
current,1
carbapenemase-producing,1
enterobacteriaceae,1
carbapenemase,1
carbapenem,1
backgrounds,1
derivatives,1
distances,1
lactam,1
correlates,1
degree,1
transmissibility,1
indeed,1
probably,1
experienced,1
within-hospital,1
far,1
value,1
optimizes,1
era,1
date,1
behaviour,1
heterosexuals,1
msmw,1
hiv-negative,1
receiving,1
gonorrhoea,1
returning,1
travellers,1
workers,1
users,1
synergistic,1
elements,1
transmit,1
cells,1
best-characterised,1
machinery,1
proposed,1
chromosomally,1
describes,1
act,1
concert,1
occurs,1
sub-maximal,1
optimal,1
reduces,1
probability,1
infected,1
invading,1
undermine,1
restriction,1
deleted,1
between-strain,1
att,1
remove,1
preventing,1
existed,1
co-colonising,1
synergistically,1
spreading,1
human-restricted,1
asymptomatically,1
pharynx,1
possibly,1
modulating,1
consequently,1
characterizing,1
well-defined,1
ribosomal,1
infer,1
average,1
polyphyletic,1
electron,1
microscopy,1
methodology,1
regulates,1
activation,1
defence,1
obligate,1
carries,1
loads,1
organization,1
molecule,1
real-time,1
smrt,1
modification,1
picture,1
iii,1
dam,1
methylase,1
ngoaxi,1
endonuclease,1
thought,1
absent,1
gonococcus,1
real,1
ngoaxii,1
gcaga,1
give,1
viral,1
analyse,1
helper,1
survival,1
widely,1
distributed,1
manner,1
constitute,1
entities,1
cross-species,1
mouse,1
characterising,1
archive,1
grasp,1
varied,1
fewer,1
represented,1
gender,1
sociodemographic,1
clinics,1
solely,1
offering,1
prevention,1
advice,1
preventive,1
plasticity,1
afforded,1
state,1
hypermutation,1
repeats,1
carriage-associated,1
repertoires,1
contributes,1
phasomeit,1
homologous,1
functions,1
annotation,1
blast,1
searches,1
variations,1
co-evolution,1
conservation,1
ssr,1
differing,1
trajectories,1
indirectly,1
impact,1
observe,1
pan,1
ongoing,1
adaptive,1
clinically,1
first-line,1
option,1
vancomycin-intermediate,1
therapeutic,1
failure,1
usually,1
procedures,1
detect,1
american,1
glycopeptide-supplemented,1
etest,1
grd,1
macro-method,1
met,1
deemed,1
subjected,1
interrogated,1
visa,1
vssa,1
close,1
cut-off,1
leu,1
ile,1
vrat,1
glu,1
gly,1
vras,1
rpob,1
rpoc,1
exhibits,1
envelope,1
homeostasis,1
etest-based,1
alternative,1
amplicon,1
cover,1
deep-sequencing,1
classes,1
applicable,1
sputum,1
captured,1
silico,1
correctly,1
second-line,1
discrepancies,1
ethambutol,1
ethionamide,1
rifampicin,1
isoniazid,1
notoriously,1
prone,1
resistance-associated,1
outside,1
predictions,1
djibouti,1
matched,1
mtbseq,1
phyresse,1
mykrobe,1
fed,1
discordances,1
deletions,1
indels,1
heteroresistant,1
natural,1
canettii,1
unreported,1
arduous,1
democratic,1
congo,1
enable,1
fast,1
tailored,1
underpin,1
announce,1
bioproject,1
prjna,1
dedicated,1
chosen,1
enriching,1
catalogue,1
valuable,1
high-quality,1
reconstructing,1
challenges,1
considerations,1
reproducible,1
reconstruction,1
kwazulu-natal,1
incidence,1
scarce,1
uncomplicated,1
genitourinary,1
cincinnati,1
ohio,1
reduced,1
annotated,1
deconvolution,1
strictly,1
surface-exposed,1
lipoprotein,1
binds,1
allowing,1
evade,1
innate,1
response,1
elucidated,1
engineering,1
isogenic,1
regulatory,1
affect,1
established,1
high-medium-low,1
anti-fhbp,1
antibodies,1
survive,1
serum,1
classification,1
predict,1
shed,1
light,1
ordinarily,1
harmless,1
require,1
whereby,1
symbiotic,1
pathology,1
respiratory,1
sepsis,1
versus,1
polygenic,1
peak,1
promotes,1
evasion,1
recruiting,1
mrna,1
altering,1
increasing,1
enhancing,1
complement-mediated,1
finding,1
deficiencies,1
observations,1
interface,1
facilitated,1
norm,1
address,1
longitudinal,1
focusing,1
urinary,1
urine,1
oxford,1
nanopore,1
bacteraemias,1
cgs,1
dominated,1
mdr,1
esbl-positive,1
convergence,1
incfib,1
incfii,1
replicons,1
sentinel,1
liafsr,1
contain,1
long-read,1
plasmid-encoded,1
located,1
transposon,1
copy,1
component,1
reading,1
frames,1
pheromone-responsive,1
filter,1
mating,1
experiments,1
conjugative,1
trends,1
monitor,1
presents,1
genetically,1
world-wide,1
material,1
carriers,1
induce,1
non-b,1
non-european,1
remained,1
ccua,1
eighteen,1
recorded,1
network,1
separate,1
relatedness,1
mostly,1
sublineages,1
follow,1
trend,1
bases,1
updating,1
recommended,1
vaccination,1
tazobactam-resistant,1
reports,1
sought,1
compare,1
publicly,1
genotypic,1
displayed,1
mirrored,1
equally,1
hyperproduction,1
tem,1
either,1
promoters,1
amplification,1
inhibitor-resistant,1
lactamases,1
abundance,1
mechanism,1
cryptic,1
monitoring,1
improve,1
